group,link,name
中共中央,http://cpc.people.com.cn/n1/2017/1025/c414940-29608803.html,习近平
中共中央,http://cpc.people.com.cn/n1/2017/1025/c414940-29608804.html,李克强
中共中央,http://cpc.people.com.cn/n1/2017/1025/c414940-29608805.html,栗战书
中共中央,http://cpc.people.com.cn/n1/2017/1025/c414940-29608807.html,汪洋
中共中央,http://cpc.people.com.cn/n1/2017/1025/c414940-29608808.html,王沪宁
中共中央,http://cpc.people.com.cn/n1/2017/1025/c414940-29608809.html,赵乐际
中共中央,http://cpc.people.com.cn/n1/2017/1025/c414940-29608810.html,韩正
中共中央,http://cpc.people.com.cn/n1/2017/1025/c414940-29608811.html,丁薛祥
中共中央,http://cpc.people.com.cn/n1/2017/1025/c414940-29608812.html,王晨
中共中央,http://cpc.people.com.cn/n1/2017/1025/c414940-29608813.html,刘鹤
中共中央,http://cpc.people.com.cn/n1/2017/1025/c414940-29608814.html,许其亮
中共中央,http://cpc.people.com.cn/n1/2017/1025/c414940-29608815.html,孙春兰
中共中央,http://cpc.people.com.cn/n1/2017/1025/c414940-29608816.html,李希
中共中央,http://cpc.people.com.cn/n1/2017/1025/c414940-29608817.html,李强
中共中央,http://cpc.people.com.cn/n1/2017/1025/c414940-29608818.html,李鸿忠
中共中央,http://cpc.people.com.cn/n1/2017/1025/c414940-29608819.html,杨洁篪
中共中央,http://cpc.people.com.cn/n1/2017/1025/c414940-29608821.html,杨晓渡
中共中央,http://cpc.people.com.cn/n1/2017/1025/c414940-29608822.html,张又侠
中共中央,http://cpc.people.com.cn/n1/2017/1025/c414940-29608823.html,陈希
中共中央,http://cpc.people.com.cn/n1/2017/1025/c414940-29608824.html,陈全国
中共中央,http://cpc.people.com.cn/n1/2017/1025/c414940-29608825.html,陈敏尔
中共中央,http://cpc.people.com.cn/n1/2017/1025/c414940-29608827.html,胡春华
中共中央,http://cpc.people.com.cn/n1/2017/1025/c414940-29608828.html,郭声琨
中共中央,http://cpc.people.com.cn/n1/2017/1025/c414940-29608829.html,黄坤明
中共中央,http://cpc.people.com.cn/n1/2017/1025/c414940-29608831.html,蔡奇
中共中央,http://cpc.people.com.cn/n1/2017/1025/c414940-29608832.html,尤权
中共中央,http://cpc.people.com.cn/n1/2018/0318/c64094-29873799.html,
中共中央,http://cpc.people.com.cn/n1/2018/0318/c64094-29873799-2.html,
中共中央,http://cpc.people.com.cn/n1/2018/0318/c64094-29873799-3.html,
中共中央,http://cpc.people.com.cn/n1/2018/0318/c64094-29873799-4.html,
中共中央,http://cpc.people.com.cn/n1/2018/0318/c64094-29873799-5.html,
中共中央,http://cpc.people.com.cn/n1/2018/0318/c64094-29873799-6.html,
中共中央,http://cpc.people.com.cn/n1/2018/0318/c64094-29873799-7.html,
中共中央,http://cpc.people.com.cn/n1/2018/0318/c64094-29873799-8.html,
中共中央,http://cpc.people.com.cn/n1/2018/0318/c64094-29873799-9.html,
中共中央,http://cpc.people.com.cn/n1/2018/0318/c64094-29873799-10.html,
中共中央,http://cpc.people.com.cn/n1/2018/0318/c64094-29873799-11.html,
中共中央,http://cpc.people.com.cn/n1/2018/0318/c64094-29873799-12.html,
中共中央,http://cpc.people.com.cn/n1/2018/0318/c64094-29873799-13.html,
中共中央,http://cpc.people.com.cn/n1/2018/0318/c64094-29873799-14.html,
中共中央,http://cpc.people.com.cn/n1/2018/0318/c64094-29873799-15.html,
中共中央,http://cpc.people.com.cn/n1/2018/0317/c64094-29873551.html,
中共中央,http://cpc.people.com.cn/n1/2018/0320/c64094-29877085.html,
中共中央,http://cpc.people.com.cn/n1/2018/0320/c64094-29877085-2.html,
中共中央,http://cpc.people.com.cn/n1/2018/0320/c64094-29877085-3.html,
中共中央,http://cpc.people.com.cn/n1/2018/0320/c64094-29877085-4.html,
中共中央,http://cpc.people.com.cn/n1/2018/0320/c64094-29877085-5.html,
中共中央,http://cpc.people.com.cn/n1/2018/0315/c64387-29868408-17.html,
中共中央,http://cpc.people.com.cn/n1/2018/0319/c64094-29875773.html,
中共中央,http://cpc.people.com.cn/n1/2018/0315/c64387-29868408.html,
中共中央,http://cpc.people.com.cn/n1/2018/0315/c64387-29868408-2.html,
中共中央,http://cpc.people.com.cn/n1/2018/0315/c64387-29868408-3.html,
中共中央,http://cpc.people.com.cn/n1/2018/0315/c64387-29868408-4.html,
中共中央,http://cpc.people.com.cn/n1/2018/0315/c64387-29868408-5.html,
中共中央,http://cpc.people.com.cn/n1/2018/0315/c64387-29868408-6.html,
中共中央,http://cpc.people.com.cn/n1/2018/0315/c64387-29868408-7.html,
中共中央,http://cpc.people.com.cn/n1/2018/0315/c64387-29868408-8.html,
中共中央,http://cpc.people.com.cn/n1/2018/0315/c64387-29868408-9.html,
中共中央,http://cpc.people.com.cn/n1/2018/0315/c64387-29868408-10.html,
中共中央,http://cpc.people.com.cn/n1/2018/0315/c64387-29868408-11.html,
中共中央,http://cpc.people.com.cn/n1/2018/0315/c64387-29868408-12.html,
中共中央,http://cpc.people.com.cn/n1/2018/0315/c64387-29868408-13.html,
中共中央,http://cpc.people.com.cn/n1/2018/0315/c64387-29868408-14.html,
中共中央,http://cpc.people.com.cn/n1/2018/0315/c64387-29868408-15.html,
中共中央,http://cpc.people.com.cn/n1/2018/0315/c64387-29868408-16.html,
中共中央,http://cpc.people.com.cn/n1/2018/0315/c64387-29868408-18.html,
中共中央,http://cpc.people.com.cn/n1/2018/0315/c64387-29868408-19.html,
中共中央,http://cpc.people.com.cn/n1/2018/0315/c64387-29868408-20.html,
中共中央,http://cpc.people.com.cn/n1/2018/0315/c64387-29868408-21.html,
中共中央,http://cpc.people.com.cn/n1/2018/0315/c64387-29868408-22.html,
中共中央,http://cpc.people.com.cn/n1/2018/0315/c64387-29868408-23.html,
中共中央,http://cpc.people.com.cn/n1/2018/0315/c64387-29868408-24.html,
中共中央,http://cpc.people.com.cn/n1/2018/0319/c64094-29874515.html,
中共中央,http://cpc.people.com.cn/n1/2018/0319/c64094-29874516.html,
中共中央,http://renshi.people.com.cn/n1/2018/0323/c139617-29884657.html,
